{"cameraMode":{"drawMode":0,"name":"Shaded","section":"Shading Mode"},"sceneLighting":false,"audioPlay":false,"sceneViewState":{"m_AlwaysRefresh":false,"showFog":true,"showSkybox":false,"showFlares":true,"showImageEffects":true,"showParticleSystems":true,"showVisualEffectGraphs":true,"m_FxEnabled":true},"in2DMode":false,"pivot":{"x":-0.477764755487442,"y":0.5084214210510254,"z":-1.2659952640533448},"rotation":{"x":0.01799757406115532,"y":0.00995663832873106,"z":-0.0001371615653624758,"w":0.9998253583908081},"size":1.3131285905838013,"orthographic":false}