{"cameraMode":{"drawMode":0,"name":"Shaded","section":"Shading Mode"},"sceneLighting":false,"audioPlay":false,"sceneViewState":{"m_AlwaysRefresh":false,"showFog":true,"showSkybox":false,"showFlares":true,"showImageEffects":true,"showParticleSystems":true,"showVisualEffectGraphs":true,"m_FxEnabled":true},"in2DMode":false,"pivot":{"x":-0.010351061820983887,"y":1.014968991279602,"z":0.012303292751312256},"rotation":{"x":-0.02823691815137863,"y":0.8625913262367249,"z":-0.5027610659599304,"w":-0.04850739613175392},"size":0.9118980765342712,"orthographic":false}