{"cameraMode":{"drawMode":0,"name":"Shaded","section":"Shading Mode"},"sceneLighting":false,"audioPlay":false,"sceneViewState":{"m_AlwaysRefresh":false,"showFog":true,"showSkybox":false,"showFlares":true,"showImageEffects":true,"showParticleSystems":true,"showVisualEffectGraphs":true,"m_FxEnabled":true},"in2DMode":false,"pivot":{"x":0.19570784270763398,"y":1.0511326789855958,"z":0.595138669013977},"rotation":{"x":0.016679054126143457,"y":0.9826029539108276,"z":-0.10952038317918778,"w":0.14958684146404267},"size":0.5734195113182068,"orthographic":false}