{"cameraMode":{"drawMode":0,"name":"Shaded","section":"Shading Mode"},"sceneLighting":false,"audioPlay":false,"sceneViewState":{"m_AlwaysRefresh":false,"showFog":true,"showSkybox":false,"showFlares":true,"showImageEffects":true,"showParticleSystems":true,"showVisualEffectGraphs":true,"m_FxEnabled":true},"in2DMode":false,"pivot":{"x":-0.8426389694213867,"y":1.5324079990386963,"z":-42.07329559326172},"rotation":{"x":-0.0003320834948681295,"y":-0.9992965459823608,"z":0.03748910129070282,"w":-0.008924770168960095},"size":4.314568996429443,"orthographic":false}