{"cameraMode":{"drawMode":0,"name":"Shaded","section":"Shading Mode"},"sceneLighting":false,"audioPlay":false,"sceneViewState":{"m_AlwaysRefresh":false,"showFog":true,"showSkybox":false,"showFlares":true,"showImageEffects":true,"showParticleSystems":true,"showVisualEffectGraphs":true,"m_FxEnabled":true},"in2DMode":false,"pivot":{"x":0.13452652096748353,"y":0.8554522395133972,"z":1.3755344152450562},"rotation":{"x":-0.019244259223341943,"y":-0.040501222014427188,"z":0.0013474099105224014,"w":-0.9991021752357483},"size":1.1976814270019532,"orthographic":false}