{"cameraMode":{"drawMode":0,"name":"Shaded","section":"Shading Mode"},"sceneLighting":false,"audioPlay":false,"sceneViewState":{"m_AlwaysRefresh":false,"showFog":true,"showSkybox":false,"showFlares":true,"showImageEffects":true,"showParticleSystems":true,"showVisualEffectGraphs":true,"m_FxEnabled":true},"in2DMode":false,"pivot":{"x":-0.34317994117736819,"y":-0.07294166088104248,"z":1.1656627655029297},"rotation":{"x":-0.12077903747558594,"y":0.6804153919219971,"z":-0.1152237057685852,"w":-0.7135505080223084},"size":2.016073703765869,"orthographic":false}