{"cameraMode":{"drawMode":0,"name":"Shaded","section":"Shading Mode"},"sceneLighting":true,"audioPlay":false,"sceneViewState":{"m_AlwaysRefresh":false,"showFog":true,"showSkybox":true,"showFlares":true,"showImageEffects":true,"showParticleSystems":true,"showVisualEffectGraphs":true,"m_FxEnabled":true},"in2DMode":false,"pivot":{"x":-6.37385892868042,"y":-12.635196685791016,"z":-6.090202331542969},"rotation":{"x":0.27395084500312807,"y":-0.0005775199388153851,"z":0.00016574726032558829,"w":0.9617462754249573},"size":54.110958099365237,"orthographic":false}